{"cameraMode":{"drawMode":0,"name":"Shaded","section":"Shading Mode"},"sceneLighting":true,"audioPlay":false,"sceneViewState":{"showFog":true,"showMaterialUpdate":true,"showSkybox":true,"showFlares":true,"showImageEffects":true,"showParticleSystems":true},"in2DMode":false,"pivot":{"x":502.3287658691406,"y":569.4346923828125,"z":56.64263916015625},"rotation":{"x":-0.22182071208953858,"y":-0.23160427808761598,"z":0.05437757074832916,"w":-0.9457308650016785},"size":38.36626052856445,"orthographic":false}