{"cameraMode":{"drawMode":0,"name":"Shaded","section":"Shading Mode"},"sceneLighting":false,"audioPlay":false,"sceneViewState":{"showFog":false,"showMaterialUpdate":false,"showSkybox":false,"showFlares":false,"showImageEffects":false,"showParticleSystems":false},"in2DMode":false,"pivot":{"x":86.31352996826172,"y":-860.4786376953125,"z":-57.56597900390625},"rotation":{"x":-0.48492538928985598,"y":-0.5146167278289795,"z":0.4846319556236267,"w":-0.5149333477020264},"size":983.4423217773438,"orthographic":false}