{"cameraMode":{"drawMode":0,"name":"Shaded","section":"Shading Mode"},"sceneLighting":false,"audioPlay":false,"sceneViewState":{"showFog":false,"showMaterialUpdate":false,"showSkybox":false,"showFlares":false,"showImageEffects":false,"showParticleSystems":false},"in2DMode":false,"pivot":{"x":121.5037841796875,"y":-938.88037109375,"z":-46.2907600402832},"rotation":{"x":-0.3958064317703247,"y":-0.5863310098648071,"z":0.3967547118663788,"w":-0.5849325060844421},"size":1102.73828125,"orthographic":false}