{"cameraMode":{"drawMode":0,"name":"Shaded","section":"Shading Mode"},"sceneLighting":true,"audioPlay":false,"sceneViewState":{"showFog":true,"showMaterialUpdate":true,"showSkybox":true,"showFlares":true,"showImageEffects":true,"showParticleSystems":true},"in2DMode":false,"pivot":{"x":-1766.409912109375,"y":-14954.587890625,"z":28386.01953125},"rotation":{"x":-0.34251970052719118,"y":-0.13483469188213349,"z":0.04973157122731209,"w":-0.9285287857055664},"size":24867.76171875,"orthographic":false}