{"cameraMode":{"drawMode":0,"name":"Shaded","section":"Shading Mode"},"sceneLighting":true,"audioPlay":false,"sceneViewState":{"showFog":true,"showMaterialUpdate":true,"showSkybox":true,"showFlares":true,"showImageEffects":true,"showParticleSystems":true},"in2DMode":false,"pivot":{"x":-94.74127960205078,"y":-7.224108695983887,"z":-537.0360107421875},"rotation":{"x":-0.39881432056427,"y":-0.029028255492448808,"z":0.012677021324634552,"w":-0.9165979027748108},"size":251.5897216796875,"orthographic":false}