{"cameraMode":{"drawMode":0,"name":"Shaded","section":"Shading Mode"},"sceneLighting":true,"audioPlay":false,"sceneViewState":{"showFog":true,"showMaterialUpdate":true,"showSkybox":true,"showFlares":true,"showImageEffects":true,"showParticleSystems":true},"in2DMode":false,"pivot":{"x":-389.5596008300781,"y":-318.149169921875,"z":1.567994475364685},"rotation":{"x":0.3330285847187042,"y":-0.4172889292240143,"z":0.16740211844444276,"w":0.8289918899536133},"size":487.46044921875,"orthographic":false}